<?xml version="1.0"?>
<Runs Version="1" Minor="0">
	<Run Id="axis_data_fifo_0_synth_1" LaunchDir="D:/Projects/Xilinx/MIPI_CSI_VHDL_v2/MIPI_CSI_VHDL_v2.runs/axis_data_fifo_0_synth_1" FlowId="Vivado_Synthesis" FromStepId="vivado" ToStepId="vivado"/>
	<Run Id="synth_1" LaunchDir="D:/Projects/Xilinx/MIPI_CSI_VHDL_v2/MIPI_CSI_VHDL_v2.runs/synth_1" FlowId="Vivado_Synthesis" FromStepId="vivado" ToStepId="vivado">
		<Parent Id="axis_data_fifo_0_synth_1"/>
	</Run>
	<Run Id="impl_1" LaunchDir="D:/Projects/Xilinx/MIPI_CSI_VHDL_v2/MIPI_CSI_VHDL_v2.runs/impl_1" FlowId="Vivado_Implementation" FromStepId="init_design" ToStepId="write_bitstream">
		<Parent Id="synth_1"/>
		<Parent Id="axis_data_fifo_0_synth_1"/>
	</Run>
	<Parameters>
		<Parameter Name="runs.monitorLSFJobs" Val="true" Type="bool"/>
		<Parameter Name="runs.enableClusterConf" Val="true" Type="bool"/>
		<Parameter Name="general.shortenLongPath" Val="true" Type="bool"/>
	</Parameters>
	<ProductInfo Name="vivado"/>
</Runs>

