<?xml version="1.0" encoding="UTF-8"?>
<GenRun Id="impl_1" LaunchPart="xc7a100tcsg324-2" LaunchTime="1713720409">
  <File Type="ROUTE-PWR" Name="top_power_routed.rpt"/>
  <File Type="PA-TCL" Name="top.tcl"/>
  <File Type="ROUTE-PWR-SUM" Name="top_power_summary_routed.pb"/>
  <File Type="REPORTS-TCL" Name="top_reports.tcl"/>
  <File Type="OPT-RQA-PB" Name="top_rqa_opted.pb"/>
  <File Type="BITSTR-MMI" Name="top.mmi"/>
  <File Type="OPT-METHODOLOGY-DRC" Name="top_methodology_drc_opted.rpt"/>
  <File Type="INIT-TIMING" Name="top_timing_summary_init.rpt"/>
  <File Type="OPT-TIMING" Name="top_timing_summary_opted.rpt"/>
  <File Type="OPT-DCP" Name="top_opt.dcp"/>
  <File Type="OPT-DRC" Name="top_drc_opted.rpt"/>
  <File Type="OPT-HWDEF" Name="top.hwdef"/>
  <File Type="PWROPT-DCP" Name="top_pwropt.dcp"/>
  <File Type="PWROPT-DRC" Name="top_drc_pwropted.rpt"/>
  <File Type="PWROPT-TIMING" Name="top_timing_summary_pwropted.rpt"/>
  <File Type="PLACE-DCP" Name="top_placed.dcp"/>
  <File Type="PLACE-IO" Name="top_io_placed.rpt"/>
  <File Type="PLACE-CLK" Name="top_clock_utilization_placed.rpt"/>
  <File Type="PLACE-UTIL" Name="top_utilization_placed.rpt"/>
  <File Type="PLACE-UTIL-PB" Name="top_utilization_placed.pb"/>
  <File Type="PLACE-CTRL" Name="top_control_sets_placed.rpt"/>
  <File Type="PLACE-SIMILARITY" Name="top_incremental_reuse_placed.rpt"/>
  <File Type="PLACE-PRE-SIMILARITY" Name="top_incremental_reuse_pre_placed.rpt"/>
  <File Type="BG-BIN" Name="top.bin"/>
  <File Type="PLACE-TIMING" Name="top_timing_summary_placed.rpt"/>
  <File Type="ROUTE-PWR-RPX" Name="top_power_routed.rpx"/>
  <File Type="PLACE-RQA-PB" Name="top_rqa_placed.pb"/>
  <File Type="POSTPLACE-PWROPT-DCP" Name="top_postplace_pwropt.dcp"/>
  <File Type="BITSTR-MSK" Name="top.msk"/>
  <File Type="POSTPLACE-PWROPT-TIMING" Name="top_timing_summary_postplace_pwropted.rpt"/>
  <File Type="PHYSOPT-DCP" Name="top_physopt.dcp"/>
  <File Type="PHYSOPT-DRC" Name="top_drc_physopted.rpt"/>
  <File Type="BITSTR-RBT" Name="top.rbt"/>
  <File Type="PHYSOPT-TIMING" Name="top_timing_summary_physopted.rpt"/>
  <File Type="ROUTE-ERROR-DCP" Name="top_routed_error.dcp"/>
  <File Type="ROUTE-DCP" Name="top_routed.dcp"/>
  <File Type="ROUTE-BLACKBOX-DCP" Name="top_routed_bb.dcp"/>
  <File Type="ROUTE-DRC" Name="top_drc_routed.rpt"/>
  <File Type="ROUTE-DRC-PB" Name="top_drc_routed.pb"/>
  <File Type="ROUTE-DRC-RPX" Name="top_drc_routed.rpx"/>
  <File Type="ROUTE-METHODOLOGY-DRC" Name="top_methodology_drc_routed.rpt"/>
  <File Type="ROUTE-METHODOLOGY-DRC-RPX" Name="top_methodology_drc_routed.rpx"/>
  <File Type="ROUTE-METHODOLOGY-DRC-PB" Name="top_methodology_drc_routed.pb"/>
  <File Type="ROUTE-RQS-PB" Name="top_rqs_routed.pb"/>
  <File Type="ROUTE-STATUS" Name="top_route_status.rpt"/>
  <File Type="ROUTE-STATUS-PB" Name="top_route_status.pb"/>
  <File Type="ROUTE-TIMINGSUMMARY" Name="top_timing_summary_routed.rpt"/>
  <File Type="ROUTE-TIMING-PB" Name="top_timing_summary_routed.pb"/>
  <File Type="ROUTE-TIMING-RPX" Name="top_timing_summary_routed.rpx"/>
  <File Type="ROUTE-SIMILARITY" Name="top_incremental_reuse_routed.rpt"/>
  <File Type="ROUTE-CLK" Name="top_clock_utilization_routed.rpt"/>
  <File Type="ROUTE-BUS-SKEW" Name="top_bus_skew_routed.rpt"/>
  <File Type="ROUTE-BUS-SKEW-PB" Name="top_bus_skew_routed.pb"/>
  <File Type="ROUTE-BUS-SKEW-RPX" Name="top_bus_skew_routed.rpx"/>
  <File Type="POSTROUTE-PHYSOPT-DCP" Name="top_postroute_physopt.dcp"/>
  <File Type="POSTROUTE-PHYSOPT-BLACKBOX-DCP" Name="top_postroute_physopt_bb.dcp"/>
  <File Type="POSTROUTE-PHYSOPT-TIMING" Name="top_timing_summary_postroute_physopted.rpt"/>
  <File Type="POSTROUTE-PHYSOPT-TIMING-PB" Name="top_timing_summary_postroute_physopted.pb"/>
  <File Type="POSTROUTE-PHYSOPT-TIMING-RPX" Name="top_timing_summary_postroute_physopted.rpx"/>
  <File Type="POSTROUTE-PHYSOPT-BUS-SKEW" Name="top_bus_skew_postroute_physopted.rpt"/>
  <File Type="BG-BIT" Name="top.bit"/>
  <File Type="POSTROUTE-PHYSOPT-BUS-SKEW-PB" Name="top_bus_skew_postroute_physopted.pb"/>
  <File Type="POSTROUTE-PHYSOPT-BUS-SKEW-RPX" Name="top_bus_skew_postroute_physopted.rpx"/>
  <File Type="BITSTR-NKY" Name="top.nky"/>
  <File Type="BITSTR-BMM" Name="top_bd.bmm"/>
  <File Type="PDI-FILE" Name="top.pdi"/>
  <File Type="BOOT-PDI-FILE" Name="top_boot.pdi"/>
  <File Type="PL-PDI-FILE" Name="top_pld.pdi"/>
  <File Type="RCFI_FILE" Name="top.rcfi"/>
  <File Type="CFI_FILE" Name="top.cfi"/>
  <File Type="RNPI_FILE" Name="top.rnpi"/>
  <File Type="NPI_FILE" Name="top.npi"/>
  <File Type="RBD_FILE" Name="top.rbd"/>
  <File Type="BITSTR-LTX" Name="debug_nets.ltx"/>
  <File Type="BITSTR-LTX" Name="top.ltx"/>
  <File Type="BITSTR-SYSDEF" Name="top.sysdef"/>
  <File Type="BG-BGN" Name="top.bgn"/>
  <File Type="BG-DRC" Name="top.drc"/>
  <File Type="RDI-RDI" Name="top.vdi"/>
  <File Type="WBT-USG" Name="usage_statistics_webtalk.html"/>
  <File Type="ROUTE-RQS" Name="top_routed.rqs"/>
  <File Type="POSTROUTE-PHYSOPT-RQS" Name="top_postroute_physopted.rqs"/>
  <File Type="ROUTE-RQS-RPT" Name="route_report_qor_suggestions_0.rpt"/>
  <File Type="POSTROUTE-PHYSOPT-RQS-RPT" Name="postroute_physopt_report_qor_suggestions_0.rpt"/>
  <FileSet Name="sources" Type="DesignSrcs" RelSrcDir="$PSRCDIR/sources_1" RelGenDir="$PGENDIR/sources_1">
    <Filter Type="Srcs"/>
    <File Path="$PSRCDIR/sources_1/ip/axis_data_fifo_0/axis_data_fifo_0.xci">
      <FileInfo>
        <Attr Name="UsedIn" Val="synthesis"/>
        <Attr Name="UsedIn" Val="implementation"/>
        <Attr Name="UsedIn" Val="simulation"/>
      </FileInfo>
    </File>
    <File Path="$PSRCDIR/sources_1/new/I2C.sv">
      <FileInfo>
        <Attr Name="ImportPath" Val="$PPRDIR/../MIPI_CSI_VHDL/MIPI_CSI_VHDL.srcs/sources_1/new/I2C.sv"/>
        <Attr Name="ImportTime" Val="1708028014"/>
        <Attr Name="UsedIn" Val="synthesis"/>
        <Attr Name="UsedIn" Val="implementation"/>
        <Attr Name="UsedIn" Val="simulation"/>
      </FileInfo>
    </File>
    <File Path="$PSRCDIR/sources_1/new/sv/csi_rx_2_lane_link.sv">
      <FileInfo>
        <Attr Name="ImportPath" Val="$PPRDIR/../MIPI_CSI_VHDL/MIPI_CSI_VHDL.srcs/sources_1/new/sv/csi_rx_2_lane_link.sv"/>
        <Attr Name="ImportTime" Val="1711548906"/>
        <Attr Name="UsedIn" Val="synthesis"/>
        <Attr Name="UsedIn" Val="implementation"/>
        <Attr Name="UsedIn" Val="simulation"/>
      </FileInfo>
    </File>
    <File Path="$PSRCDIR/sources_1/new/sv/csi_rx_byte_align.sv">
      <FileInfo>
        <Attr Name="ImportPath" Val="$PPRDIR/../MIPI_CSI_VHDL/MIPI_CSI_VHDL.srcs/sources_1/new/sv/csi_rx_byte_align.sv"/>
        <Attr Name="ImportTime" Val="1711548906"/>
        <Attr Name="UsedIn" Val="synthesis"/>
        <Attr Name="UsedIn" Val="implementation"/>
        <Attr Name="UsedIn" Val="simulation"/>
      </FileInfo>
    </File>
    <File Path="$PSRCDIR/sources_1/new/sv/csi_rx_clock_det.sv">
      <FileInfo>
        <Attr Name="ImportPath" Val="$PPRDIR/../MIPI_CSI_VHDL/MIPI_CSI_VHDL.srcs/sources_1/new/sv/csi_rx_clock_det.sv"/>
        <Attr Name="ImportTime" Val="1711650140"/>
        <Attr Name="UsedIn" Val="synthesis"/>
        <Attr Name="UsedIn" Val="implementation"/>
        <Attr Name="UsedIn" Val="simulation"/>
      </FileInfo>
    </File>
    <File Path="$PSRCDIR/sources_1/new/sv/csi_rx_hdr_ecc.sv">
      <FileInfo>
        <Attr Name="ImportPath" Val="$PPRDIR/../MIPI_CSI_VHDL/MIPI_CSI_VHDL.srcs/sources_1/new/sv/csi_rx_hdr_ecc.sv"/>
        <Attr Name="ImportTime" Val="1711548906"/>
        <Attr Name="UsedIn" Val="synthesis"/>
        <Attr Name="UsedIn" Val="implementation"/>
        <Attr Name="UsedIn" Val="simulation"/>
      </FileInfo>
    </File>
    <File Path="$PSRCDIR/sources_1/new/sv/csi_rx_hs_clk_phy.sv">
      <FileInfo>
        <Attr Name="ImportPath" Val="$PPRDIR/../MIPI_CSI_VHDL/MIPI_CSI_VHDL.srcs/sources_1/new/sv/csi_rx_hs_clk_phy.sv"/>
        <Attr Name="ImportTime" Val="1711548906"/>
        <Attr Name="UsedIn" Val="synthesis"/>
        <Attr Name="UsedIn" Val="implementation"/>
        <Attr Name="UsedIn" Val="simulation"/>
      </FileInfo>
    </File>
    <File Path="$PSRCDIR/sources_1/new/sv/csi_rx_hs_lane_phy.sv">
      <FileInfo>
        <Attr Name="ImportPath" Val="$PPRDIR/../MIPI_CSI_VHDL/MIPI_CSI_VHDL.srcs/sources_1/new/sv/csi_rx_hs_lane_phy.sv"/>
        <Attr Name="ImportTime" Val="1712412642"/>
        <Attr Name="UsedIn" Val="synthesis"/>
        <Attr Name="UsedIn" Val="implementation"/>
        <Attr Name="UsedIn" Val="simulation"/>
      </FileInfo>
    </File>
    <File Path="$PSRCDIR/sources_1/new/sv/csi_rx_packer_handler.sv">
      <FileInfo>
        <Attr Name="ImportPath" Val="$PPRDIR/../MIPI_CSI_VHDL/MIPI_CSI_VHDL.srcs/sources_1/new/sv/csi_rx_packer_handler.sv"/>
        <Attr Name="ImportTime" Val="1711548906"/>
        <Attr Name="UsedIn" Val="synthesis"/>
        <Attr Name="UsedIn" Val="implementation"/>
        <Attr Name="UsedIn" Val="simulation"/>
      </FileInfo>
    </File>
    <File Path="$PSRCDIR/sources_1/new/hdmi/hdmi_pkg.sv">
      <FileInfo>
        <Attr Name="ImportPath" Val="$PPRDIR/../MIPI_CSI_VHDL/MIPI_CSI_VHDL.srcs/sources_1/new/hdmi/hdmi_pkg.sv"/>
        <Attr Name="ImportTime" Val="1713298227"/>
        <Attr Name="UsedIn" Val="synthesis"/>
        <Attr Name="UsedIn" Val="implementation"/>
        <Attr Name="UsedIn" Val="simulation"/>
      </FileInfo>
    </File>
    <File Path="$PSRCDIR/sources_1/new/csi_rx_top.sv">
      <FileInfo>
        <Attr Name="ImportPath" Val="$PPRDIR/../MIPI_CSI_VHDL/MIPI_CSI_VHDL.srcs/sources_1/new/csi_rx_top.sv"/>
        <Attr Name="ImportTime" Val="1711404297"/>
        <Attr Name="UsedIn" Val="synthesis"/>
        <Attr Name="UsedIn" Val="implementation"/>
        <Attr Name="UsedIn" Val="simulation"/>
      </FileInfo>
    </File>
    <File Path="$PSRCDIR/sources_1/new/sv/csi_rx_word_align.sv">
      <FileInfo>
        <Attr Name="ImportPath" Val="$PPRDIR/../MIPI_CSI_VHDL/MIPI_CSI_VHDL.srcs/sources_1/new/sv/csi_rx_word_align.sv"/>
        <Attr Name="ImportTime" Val="1711548906"/>
        <Attr Name="UsedIn" Val="synthesis"/>
        <Attr Name="UsedIn" Val="implementation"/>
        <Attr Name="UsedIn" Val="simulation"/>
      </FileInfo>
    </File>
    <File Path="$PSRCDIR/sources_1/new/hdmi/fpga_olvds.sv">
      <FileInfo>
        <Attr Name="ImportPath" Val="$PPRDIR/../MIPI_CSI_VHDL/MIPI_CSI_VHDL.srcs/sources_1/new/hdmi/fpga_olvds.sv"/>
        <Attr Name="ImportTime" Val="1705516732"/>
        <Attr Name="UsedIn" Val="synthesis"/>
        <Attr Name="UsedIn" Val="implementation"/>
        <Attr Name="UsedIn" Val="simulation"/>
      </FileInfo>
    </File>
    <File Path="$PSRCDIR/sources_1/new/hdmi/fpga_oser10.sv">
      <FileInfo>
        <Attr Name="ImportPath" Val="$PPRDIR/../MIPI_CSI_VHDL/MIPI_CSI_VHDL.srcs/sources_1/new/hdmi/fpga_oser10.sv"/>
        <Attr Name="ImportTime" Val="1705518271"/>
        <Attr Name="UsedIn" Val="synthesis"/>
        <Attr Name="UsedIn" Val="implementation"/>
        <Attr Name="UsedIn" Val="simulation"/>
      </FileInfo>
    </File>
    <File Path="$PSRCDIR/sources_1/new/hdmi/fpga_pll.sv">
      <FileInfo>
        <Attr Name="ImportPath" Val="$PPRDIR/../MIPI_CSI_VHDL/MIPI_CSI_VHDL.srcs/sources_1/new/hdmi/fpga_pll.sv"/>
        <Attr Name="ImportTime" Val="1712778101"/>
        <Attr Name="UsedIn" Val="synthesis"/>
        <Attr Name="UsedIn" Val="implementation"/>
        <Attr Name="UsedIn" Val="simulation"/>
      </FileInfo>
    </File>
    <File Path="$PSRCDIR/sources_1/new/fpga_pll_1.sv">
      <FileInfo>
        <Attr Name="ImportPath" Val="$PPRDIR/../MIPI_CSI_VHDL/MIPI_CSI_VHDL.srcs/sources_1/new/fpga_pll_1.sv"/>
        <Attr Name="ImportTime" Val="1711708386"/>
        <Attr Name="UsedIn" Val="synthesis"/>
        <Attr Name="UsedIn" Val="implementation"/>
        <Attr Name="UsedIn" Val="simulation"/>
      </FileInfo>
    </File>
    <File Path="$PSRCDIR/sources_1/new/sv/generate_idelayctrl.sv">
      <FileInfo>
        <Attr Name="ImportPath" Val="$PPRDIR/../MIPI_CSI_VHDL/MIPI_CSI_VHDL.srcs/sources_1/new/sv/generate_idelayctrl.sv"/>
        <Attr Name="ImportTime" Val="1711548906"/>
        <Attr Name="UsedIn" Val="synthesis"/>
        <Attr Name="UsedIn" Val="implementation"/>
        <Attr Name="UsedIn" Val="simulation"/>
      </FileInfo>
    </File>
    <File Path="$PSRCDIR/sources_1/new/hdmi/hdmi_backend.sv">
      <FileInfo>
        <Attr Name="ImportPath" Val="$PPRDIR/../MIPI_CSI_VHDL/MIPI_CSI_VHDL.srcs/sources_1/new/hdmi/hdmi_backend.sv"/>
        <Attr Name="ImportTime" Val="1712616576"/>
        <Attr Name="UsedIn" Val="synthesis"/>
        <Attr Name="UsedIn" Val="implementation"/>
        <Attr Name="UsedIn" Val="simulation"/>
      </FileInfo>
    </File>
    <File Path="$PSRCDIR/sources_1/new/hdmi/hdmi_tdms_enc.sv">
      <FileInfo>
        <Attr Name="ImportPath" Val="$PPRDIR/../MIPI_CSI_VHDL/MIPI_CSI_VHDL.srcs/sources_1/new/hdmi/hdmi_tdms_enc.sv"/>
        <Attr Name="ImportTime" Val="1705533255"/>
        <Attr Name="UsedIn" Val="synthesis"/>
        <Attr Name="UsedIn" Val="implementation"/>
        <Attr Name="UsedIn" Val="simulation"/>
      </FileInfo>
    </File>
    <File Path="$PSRCDIR/sources_1/new/hdmi/hdmi_top.sv">
      <FileInfo>
        <Attr Name="ImportPath" Val="$PPRDIR/../MIPI_CSI_VHDL/MIPI_CSI_VHDL.srcs/sources_1/new/hdmi/hdmi_top.sv"/>
        <Attr Name="ImportTime" Val="1712615636"/>
        <Attr Name="UsedIn" Val="synthesis"/>
        <Attr Name="UsedIn" Val="implementation"/>
        <Attr Name="UsedIn" Val="simulation"/>
      </FileInfo>
    </File>
    <File Path="$PSRCDIR/sources_1/new/raw2rgb/raw2rgb.sv">
      <FileInfo>
        <Attr Name="ImportPath" Val="$PPRDIR/../MIPI_CSI_VHDL/MIPI_CSI_VHDL.srcs/sources_1/new/raw2rgb/raw2rgb.sv"/>
        <Attr Name="ImportTime" Val="1713290589"/>
        <Attr Name="UsedIn" Val="synthesis"/>
        <Attr Name="UsedIn" Val="implementation"/>
        <Attr Name="UsedIn" Val="simulation"/>
      </FileInfo>
    </File>
    <File Path="$PSRCDIR/sources_1/new/top.sv">
      <FileInfo>
        <Attr Name="ImportPath" Val="$PPRDIR/../MIPI_CSI_VHDL/MIPI_CSI_VHDL.srcs/sources_1/new/top.sv"/>
        <Attr Name="ImportTime" Val="1713305687"/>
        <Attr Name="UsedIn" Val="synthesis"/>
        <Attr Name="UsedIn" Val="implementation"/>
        <Attr Name="UsedIn" Val="simulation"/>
      </FileInfo>
    </File>
    <File Path="$PSRCDIR/sources_1/new/raw2rgb/raw8_to_rgb888.sv">
      <FileInfo>
        <Attr Name="UserDisabled" Val="1"/>
        <Attr Name="UsedIn" Val="synthesis"/>
        <Attr Name="UsedIn" Val="implementation"/>
        <Attr Name="UsedIn" Val="simulation"/>
      </FileInfo>
    </File>
    <File Path="$PSRCDIR/sources_1/new/I2C_init.mem">
      <FileInfo>
        <Attr Name="ImportPath" Val="$PPRDIR/../MIPI_CSI_VHDL/MIPI_CSI_VHDL.srcs/sources_1/new/I2C_init.mem"/>
        <Attr Name="ImportTime" Val="1711403344"/>
        <Attr Name="UsedIn" Val="synthesis"/>
        <Attr Name="UsedIn" Val="simulation"/>
      </FileInfo>
    </File>
    <Config>
      <Option Name="DesignMode" Val="RTL"/>
      <Option Name="TopModule" Val="top"/>
      <Option Name="TopAutoSet" Val="TRUE"/>
    </Config>
  </FileSet>
  <FileSet Name="constrs_in" Type="Constrs" RelSrcDir="$PSRCDIR/constrs_1" RelGenDir="$PGENDIR/constrs_1">
    <Filter Type="Constrs"/>
    <File Path="$PSRCDIR/constrs_1/new/mipi_top.xdc">
      <FileInfo>
        <Attr Name="ImportPath" Val="$PPRDIR/../MIPI_CSI_VHDL/MIPI_CSI_VHDL.srcs/constrs_1/new/mipi_top.xdc"/>
        <Attr Name="ImportTime" Val="1711403734"/>
        <Attr Name="UsedIn" Val="synthesis"/>
        <Attr Name="UsedIn" Val="implementation"/>
      </FileInfo>
    </File>
    <Config>
      <Option Name="TargetConstrsFile" Val="$PSRCDIR/constrs_1/new/mipi_top.xdc"/>
      <Option Name="ConstrsType" Val="XDC"/>
    </Config>
  </FileSet>
  <FileSet Name="utils" Type="Utils" RelSrcDir="$PSRCDIR/utils_1" RelGenDir="$PGENDIR/utils_1">
    <Filter Type="Utils"/>
    <Config>
      <Option Name="TopAutoSet" Val="TRUE"/>
    </Config>
  </FileSet>
  <Strategy Version="1" Minor="2">
    <StratHandle Name="Vivado Implementation Defaults" Flow="Vivado Implementation 2023"/>
    <Step Id="init_design"/>
    <Step Id="opt_design"/>
    <Step Id="power_opt_design"/>
    <Step Id="place_design"/>
    <Step Id="post_place_power_opt_design"/>
    <Step Id="phys_opt_design"/>
    <Step Id="route_design"/>
    <Step Id="post_route_phys_opt_design"/>
    <Step Id="write_bitstream"/>
  </Strategy>
</GenRun>
