<?xml version="1.0" encoding="UTF-8"?>
<GenRun Id="axis_data_fifo_0_synth_1" LaunchPart="xc7a100tcsg324-2" LaunchTime="1713357971">
  <File Type="PA-TCL" Name="axis_data_fifo_0.tcl"/>
  <File Type="RDS-PROPCONSTRS" Name="axis_data_fifo_0_drc_synth.rpt"/>
  <File Type="REPORTS-TCL" Name="axis_data_fifo_0_reports.tcl"/>
  <File Type="RDS-RDS" Name="axis_data_fifo_0.vds"/>
  <File Type="RDS-UTIL" Name="axis_data_fifo_0_utilization_synth.rpt"/>
  <File Type="RDS-UTIL-PB" Name="axis_data_fifo_0_utilization_synth.pb"/>
  <File Type="RDS-DCP" Name="axis_data_fifo_0.dcp"/>
  <File Type="VDS-TIMINGSUMMARY" Name="axis_data_fifo_0_timing_summary_synth.rpt"/>
  <File Type="VDS-TIMING-PB" Name="axis_data_fifo_0_timing_summary_synth.pb"/>
  <FileSet Name="sources" Type="BlockSrcs" RelSrcDir="$PSRCDIR/axis_data_fifo_0">
    <File Path="$PSRCDIR/sources_1/ip/axis_data_fifo_0/axis_data_fifo_0.xci">
      <FileInfo>
        <Attr Name="UsedIn" Val="synthesis"/>
        <Attr Name="UsedIn" Val="implementation"/>
        <Attr Name="UsedIn" Val="simulation"/>
      </FileInfo>
    </File>
    <Config>
      <Option Name="TopModule" Val="axis_data_fifo_0"/>
      <Option Name="UseBlackboxStub" Val="1"/>
    </Config>
  </FileSet>
  <FileSet Name="constrs_in" Type="BlockSrcs" RelSrcDir="$PSRCDIR/axis_data_fifo_0">
    <File Path="$PSRCDIR/sources_1/ip/axis_data_fifo_0/axis_data_fifo_0.xci">
      <FileInfo>
        <Attr Name="UsedIn" Val="synthesis"/>
        <Attr Name="UsedIn" Val="implementation"/>
        <Attr Name="UsedIn" Val="simulation"/>
      </FileInfo>
    </File>
    <Config>
      <Option Name="TopModule" Val="axis_data_fifo_0"/>
      <Option Name="UseBlackboxStub" Val="1"/>
    </Config>
  </FileSet>
  <FileSet Name="utils" Type="Utils" RelSrcDir="$PSRCDIR/utils_1">
    <Filter Type="Utils"/>
    <Config>
      <Option Name="TopAutoSet" Val="TRUE"/>
    </Config>
  </FileSet>
  <Strategy Version="1" Minor="2">
    <StratHandle Name="Vivado Synthesis Defaults" Flow="Vivado Synthesis 2020">
      <Desc>Vivado Synthesis Defaults</Desc>
    </StratHandle>
    <Step Id="synth_design"/>
  </Strategy>
</GenRun>
