<?xml version="1.0" encoding="UTF-8"?>
<GenRun Id="synth_1" LaunchPart="xc7a100tcsg324-2" LaunchTime="1713720409">
  <File Type="PA-TCL" Name="top.tcl"/>
  <File Type="RDS-PROPCONSTRS" Name="top_drc_synth.rpt"/>
  <File Type="REPORTS-TCL" Name="top_reports.tcl"/>
  <File Type="RDS-RDS" Name="top.vds"/>
  <File Type="RDS-UTIL" Name="top_utilization_synth.rpt"/>
  <File Type="RDS-UTIL-PB" Name="top_utilization_synth.pb"/>
  <File Type="RDS-DCP" Name="top.dcp"/>
  <File Type="VDS-TIMINGSUMMARY" Name="top_timing_summary_synth.rpt"/>
  <File Type="VDS-TIMING-PB" Name="top_timing_summary_synth.pb"/>
  <FileSet Name="sources" Type="DesignSrcs" RelSrcDir="$PSRCDIR/sources_1" RelGenDir="$PGENDIR/sources_1">
    <Filter Type="Srcs"/>
    <File Path="$PSRCDIR/sources_1/ip/axis_data_fifo_0/axis_data_fifo_0.xci">
      <FileInfo>
        <Attr Name="UsedIn" Val="synthesis"/>
        <Attr Name="UsedIn" Val="implementation"/>
        <Attr Name="UsedIn" Val="simulation"/>
      </FileInfo>
    </File>
    <File Path="$PSRCDIR/sources_1/new/I2C.sv">
      <FileInfo>
        <Attr Name="ImportPath" Val="$PPRDIR/../MIPI_CSI_VHDL/MIPI_CSI_VHDL.srcs/sources_1/new/I2C.sv"/>
        <Attr Name="ImportTime" Val="1708028014"/>
        <Attr Name="UsedIn" Val="synthesis"/>
        <Attr Name="UsedIn" Val="implementation"/>
        <Attr Name="UsedIn" Val="simulation"/>
      </FileInfo>
    </File>
    <File Path="$PSRCDIR/sources_1/new/sv/csi_rx_2_lane_link.sv">
      <FileInfo>
        <Attr Name="ImportPath" Val="$PPRDIR/../MIPI_CSI_VHDL/MIPI_CSI_VHDL.srcs/sources_1/new/sv/csi_rx_2_lane_link.sv"/>
        <Attr Name="ImportTime" Val="1711548906"/>
        <Attr Name="UsedIn" Val="synthesis"/>
        <Attr Name="UsedIn" Val="implementation"/>
        <Attr Name="UsedIn" Val="simulation"/>
      </FileInfo>
    </File>
    <File Path="$PSRCDIR/sources_1/new/sv/csi_rx_byte_align.sv">
      <FileInfo>
        <Attr Name="ImportPath" Val="$PPRDIR/../MIPI_CSI_VHDL/MIPI_CSI_VHDL.srcs/sources_1/new/sv/csi_rx_byte_align.sv"/>
        <Attr Name="ImportTime" Val="1711548906"/>
        <Attr Name="UsedIn" Val="synthesis"/>
        <Attr Name="UsedIn" Val="implementation"/>
        <Attr Name="UsedIn" Val="simulation"/>
      </FileInfo>
    </File>
    <File Path="$PSRCDIR/sources_1/new/sv/csi_rx_clock_det.sv">
      <FileInfo>
        <Attr Name="ImportPath" Val="$PPRDIR/../MIPI_CSI_VHDL/MIPI_CSI_VHDL.srcs/sources_1/new/sv/csi_rx_clock_det.sv"/>
        <Attr Name="ImportTime" Val="1711650140"/>
        <Attr Name="UsedIn" Val="synthesis"/>
        <Attr Name="UsedIn" Val="implementation"/>
        <Attr Name="UsedIn" Val="simulation"/>
      </FileInfo>
    </File>
    <File Path="$PSRCDIR/sources_1/new/sv/csi_rx_hdr_ecc.sv">
      <FileInfo>
        <Attr Name="ImportPath" Val="$PPRDIR/../MIPI_CSI_VHDL/MIPI_CSI_VHDL.srcs/sources_1/new/sv/csi_rx_hdr_ecc.sv"/>
        <Attr Name="ImportTime" Val="1711548906"/>
        <Attr Name="UsedIn" Val="synthesis"/>
        <Attr Name="UsedIn" Val="implementation"/>
        <Attr Name="UsedIn" Val="simulation"/>
      </FileInfo>
    </File>
    <File Path="$PSRCDIR/sources_1/new/sv/csi_rx_hs_clk_phy.sv">
      <FileInfo>
        <Attr Name="ImportPath" Val="$PPRDIR/../MIPI_CSI_VHDL/MIPI_CSI_VHDL.srcs/sources_1/new/sv/csi_rx_hs_clk_phy.sv"/>
        <Attr Name="ImportTime" Val="1711548906"/>
        <Attr Name="UsedIn" Val="synthesis"/>
        <Attr Name="UsedIn" Val="implementation"/>
        <Attr Name="UsedIn" Val="simulation"/>
      </FileInfo>
    </File>
    <File Path="$PSRCDIR/sources_1/new/sv/csi_rx_hs_lane_phy.sv">
      <FileInfo>
        <Attr Name="ImportPath" Val="$PPRDIR/../MIPI_CSI_VHDL/MIPI_CSI_VHDL.srcs/sources_1/new/sv/csi_rx_hs_lane_phy.sv"/>
        <Attr Name="ImportTime" Val="1712412642"/>
        <Attr Name="UsedIn" Val="synthesis"/>
        <Attr Name="UsedIn" Val="implementation"/>
        <Attr Name="UsedIn" Val="simulation"/>
      </FileInfo>
    </File>
    <File Path="$PSRCDIR/sources_1/new/sv/csi_rx_packer_handler.sv">
      <FileInfo>
        <Attr Name="ImportPath" Val="$PPRDIR/../MIPI_CSI_VHDL/MIPI_CSI_VHDL.srcs/sources_1/new/sv/csi_rx_packer_handler.sv"/>
        <Attr Name="ImportTime" Val="1711548906"/>
        <Attr Name="UsedIn" Val="synthesis"/>
        <Attr Name="UsedIn" Val="implementation"/>
        <Attr Name="UsedIn" Val="simulation"/>
      </FileInfo>
    </File>
    <File Path="$PSRCDIR/sources_1/new/hdmi/hdmi_pkg.sv">
      <FileInfo>
        <Attr Name="ImportPath" Val="$PPRDIR/../MIPI_CSI_VHDL/MIPI_CSI_VHDL.srcs/sources_1/new/hdmi/hdmi_pkg.sv"/>
        <Attr Name="ImportTime" Val="1713298227"/>
        <Attr Name="UsedIn" Val="synthesis"/>
        <Attr Name="UsedIn" Val="implementation"/>
        <Attr Name="UsedIn" Val="simulation"/>
      </FileInfo>
    </File>
    <File Path="$PSRCDIR/sources_1/new/csi_rx_top.sv">
      <FileInfo>
        <Attr Name="ImportPath" Val="$PPRDIR/../MIPI_CSI_VHDL/MIPI_CSI_VHDL.srcs/sources_1/new/csi_rx_top.sv"/>
        <Attr Name="ImportTime" Val="1711404297"/>
        <Attr Name="UsedIn" Val="synthesis"/>
        <Attr Name="UsedIn" Val="implementation"/>
        <Attr Name="UsedIn" Val="simulation"/>
      </FileInfo>
    </File>
    <File Path="$PSRCDIR/sources_1/new/sv/csi_rx_word_align.sv">
      <FileInfo>
        <Attr Name="ImportPath" Val="$PPRDIR/../MIPI_CSI_VHDL/MIPI_CSI_VHDL.srcs/sources_1/new/sv/csi_rx_word_align.sv"/>
        <Attr Name="ImportTime" Val="1711548906"/>
        <Attr Name="UsedIn" Val="synthesis"/>
        <Attr Name="UsedIn" Val="implementation"/>
        <Attr Name="UsedIn" Val="simulation"/>
      </FileInfo>
    </File>
    <File Path="$PSRCDIR/sources_1/new/hdmi/fpga_olvds.sv">
      <FileInfo>
        <Attr Name="ImportPath" Val="$PPRDIR/../MIPI_CSI_VHDL/MIPI_CSI_VHDL.srcs/sources_1/new/hdmi/fpga_olvds.sv"/>
        <Attr Name="ImportTime" Val="1705516732"/>
        <Attr Name="UsedIn" Val="synthesis"/>
        <Attr Name="UsedIn" Val="implementation"/>
        <Attr Name="UsedIn" Val="simulation"/>
      </FileInfo>
    </File>
    <File Path="$PSRCDIR/sources_1/new/hdmi/fpga_oser10.sv">
      <FileInfo>
        <Attr Name="ImportPath" Val="$PPRDIR/../MIPI_CSI_VHDL/MIPI_CSI_VHDL.srcs/sources_1/new/hdmi/fpga_oser10.sv"/>
        <Attr Name="ImportTime" Val="1705518271"/>
        <Attr Name="UsedIn" Val="synthesis"/>
        <Attr Name="UsedIn" Val="implementation"/>
        <Attr Name="UsedIn" Val="simulation"/>
      </FileInfo>
    </File>
    <File Path="$PSRCDIR/sources_1/new/hdmi/fpga_pll.sv">
      <FileInfo>
        <Attr Name="ImportPath" Val="$PPRDIR/../MIPI_CSI_VHDL/MIPI_CSI_VHDL.srcs/sources_1/new/hdmi/fpga_pll.sv"/>
        <Attr Name="ImportTime" Val="1712778101"/>
        <Attr Name="UsedIn" Val="synthesis"/>
        <Attr Name="UsedIn" Val="implementation"/>
        <Attr Name="UsedIn" Val="simulation"/>
      </FileInfo>
    </File>
    <File Path="$PSRCDIR/sources_1/new/fpga_pll_1.sv">
      <FileInfo>
        <Attr Name="ImportPath" Val="$PPRDIR/../MIPI_CSI_VHDL/MIPI_CSI_VHDL.srcs/sources_1/new/fpga_pll_1.sv"/>
        <Attr Name="ImportTime" Val="1711708386"/>
        <Attr Name="UsedIn" Val="synthesis"/>
        <Attr Name="UsedIn" Val="implementation"/>
        <Attr Name="UsedIn" Val="simulation"/>
      </FileInfo>
    </File>
    <File Path="$PSRCDIR/sources_1/new/sv/generate_idelayctrl.sv">
      <FileInfo>
        <Attr Name="ImportPath" Val="$PPRDIR/../MIPI_CSI_VHDL/MIPI_CSI_VHDL.srcs/sources_1/new/sv/generate_idelayctrl.sv"/>
        <Attr Name="ImportTime" Val="1711548906"/>
        <Attr Name="UsedIn" Val="synthesis"/>
        <Attr Name="UsedIn" Val="implementation"/>
        <Attr Name="UsedIn" Val="simulation"/>
      </FileInfo>
    </File>
    <File Path="$PSRCDIR/sources_1/new/hdmi/hdmi_backend.sv">
      <FileInfo>
        <Attr Name="ImportPath" Val="$PPRDIR/../MIPI_CSI_VHDL/MIPI_CSI_VHDL.srcs/sources_1/new/hdmi/hdmi_backend.sv"/>
        <Attr Name="ImportTime" Val="1712616576"/>
        <Attr Name="UsedIn" Val="synthesis"/>
        <Attr Name="UsedIn" Val="implementation"/>
        <Attr Name="UsedIn" Val="simulation"/>
      </FileInfo>
    </File>
    <File Path="$PSRCDIR/sources_1/new/hdmi/hdmi_tdms_enc.sv">
      <FileInfo>
        <Attr Name="ImportPath" Val="$PPRDIR/../MIPI_CSI_VHDL/MIPI_CSI_VHDL.srcs/sources_1/new/hdmi/hdmi_tdms_enc.sv"/>
        <Attr Name="ImportTime" Val="1705533255"/>
        <Attr Name="UsedIn" Val="synthesis"/>
        <Attr Name="UsedIn" Val="implementation"/>
        <Attr Name="UsedIn" Val="simulation"/>
      </FileInfo>
    </File>
    <File Path="$PSRCDIR/sources_1/new/hdmi/hdmi_top.sv">
      <FileInfo>
        <Attr Name="ImportPath" Val="$PPRDIR/../MIPI_CSI_VHDL/MIPI_CSI_VHDL.srcs/sources_1/new/hdmi/hdmi_top.sv"/>
        <Attr Name="ImportTime" Val="1712615636"/>
        <Attr Name="UsedIn" Val="synthesis"/>
        <Attr Name="UsedIn" Val="implementation"/>
        <Attr Name="UsedIn" Val="simulation"/>
      </FileInfo>
    </File>
    <File Path="$PSRCDIR/sources_1/new/raw2rgb/raw2rgb.sv">
      <FileInfo>
        <Attr Name="ImportPath" Val="$PPRDIR/../MIPI_CSI_VHDL/MIPI_CSI_VHDL.srcs/sources_1/new/raw2rgb/raw2rgb.sv"/>
        <Attr Name="ImportTime" Val="1713290589"/>
        <Attr Name="UsedIn" Val="synthesis"/>
        <Attr Name="UsedIn" Val="implementation"/>
        <Attr Name="UsedIn" Val="simulation"/>
      </FileInfo>
    </File>
    <File Path="$PSRCDIR/sources_1/new/top.sv">
      <FileInfo>
        <Attr Name="ImportPath" Val="$PPRDIR/../MIPI_CSI_VHDL/MIPI_CSI_VHDL.srcs/sources_1/new/top.sv"/>
        <Attr Name="ImportTime" Val="1713305687"/>
        <Attr Name="UsedIn" Val="synthesis"/>
        <Attr Name="UsedIn" Val="implementation"/>
        <Attr Name="UsedIn" Val="simulation"/>
      </FileInfo>
    </File>
    <File Path="$PSRCDIR/sources_1/new/raw2rgb/raw8_to_rgb888.sv">
      <FileInfo>
        <Attr Name="UserDisabled" Val="1"/>
        <Attr Name="UsedIn" Val="synthesis"/>
        <Attr Name="UsedIn" Val="implementation"/>
        <Attr Name="UsedIn" Val="simulation"/>
      </FileInfo>
    </File>
    <File Path="$PSRCDIR/sources_1/new/I2C_init.mem">
      <FileInfo>
        <Attr Name="ImportPath" Val="$PPRDIR/../MIPI_CSI_VHDL/MIPI_CSI_VHDL.srcs/sources_1/new/I2C_init.mem"/>
        <Attr Name="ImportTime" Val="1711403344"/>
        <Attr Name="UsedIn" Val="synthesis"/>
        <Attr Name="UsedIn" Val="simulation"/>
      </FileInfo>
    </File>
    <Config>
      <Option Name="DesignMode" Val="RTL"/>
      <Option Name="TopModule" Val="top"/>
      <Option Name="TopAutoSet" Val="TRUE"/>
    </Config>
  </FileSet>
  <FileSet Name="constrs_in" Type="Constrs" RelSrcDir="$PSRCDIR/constrs_1" RelGenDir="$PGENDIR/constrs_1">
    <Filter Type="Constrs"/>
    <File Path="$PSRCDIR/constrs_1/new/mipi_top.xdc">
      <FileInfo>
        <Attr Name="ImportPath" Val="$PPRDIR/../MIPI_CSI_VHDL/MIPI_CSI_VHDL.srcs/constrs_1/new/mipi_top.xdc"/>
        <Attr Name="ImportTime" Val="1711403734"/>
        <Attr Name="UsedIn" Val="synthesis"/>
        <Attr Name="UsedIn" Val="implementation"/>
      </FileInfo>
    </File>
    <Config>
      <Option Name="TargetConstrsFile" Val="$PSRCDIR/constrs_1/new/mipi_top.xdc"/>
      <Option Name="ConstrsType" Val="XDC"/>
    </Config>
  </FileSet>
  <FileSet Name="utils" Type="Utils" RelSrcDir="$PSRCDIR/utils_1" RelGenDir="$PGENDIR/utils_1">
    <Filter Type="Utils"/>
    <Config>
      <Option Name="TopAutoSet" Val="TRUE"/>
    </Config>
  </FileSet>
  <Strategy Version="1" Minor="2">
    <StratHandle Name="Vivado Synthesis Defaults" Flow="Vivado Synthesis 2023"/>
    <Step Id="synth_design"/>
  </Strategy>
</GenRun>
